[{"model": "admin.logentry", "pk": 1, "fields": {"action_time": "2022-10-15T12:13:28.412Z", "user": 1, "content_type": 3, "object_id": "1", "object_repr": "admin", "action_flag": 1, "change_message": "[{\"added\": {}}]"}}, {"model": "admin.logentry", "pk": 2, "fields": {"action_time": "2022-10-15T12:14:25.634Z", "user": 1, "content_type": 3, "object_id": "2", "object_repr": "operador_companhia", "action_flag": 1, "change_message": "[{\"added\": {}}]"}}, {"model": "admin.logentry", "pk": 3, "fields": {"action_time": "2022-10-15T12:15:27.984Z", "user": 1, "content_type": 3, "object_id": "3", "object_repr": "funcionario_companhia", "action_flag": 1, "change_message": "[{\"added\": {}}]"}}, {"model": "admin.logentry", "pk": 4, "fields": {"action_time": "2022-10-15T12:16:47.274Z", "user": 1, "content_type": 3, "object_id": "4", "object_repr": "piloto", "action_flag": 1, "change_message": "[{\"added\": {}}]"}}, {"model": "admin.logentry", "pk": 5, "fields": {"action_time": "2022-10-15T12:17:01.095Z", "user": 1, "content_type": 3, "object_id": "3", "object_repr": "funcionario_companhia", "action_flag": 2, "change_message": "[{\"changed\": {\"fields\": [\"Permissions\"]}}]"}}, {"model": "admin.logentry", "pk": 6, "fields": {"action_time": "2022-10-15T12:17:31.009Z", "user": 1, "content_type": 3, "object_id": "5", "object_repr": "funcionario_torre", "action_flag": 1, "change_message": "[{\"added\": {}}]"}}, {"model": "admin.logentry", "pk": 7, "fields": {"action_time": "2022-10-15T12:17:35.576Z", "user": 1, "content_type": 3, "object_id": "4", "object_repr": "piloto", "action_flag": 2, "change_message": "[]"}}, {"model": "admin.logentry", "pk": 8, "fields": {"action_time": "2022-10-15T12:18:21.777Z", "user": 1, "content_type": 3, "object_id": "6", "object_repr": "gerente", "action_flag": 1, "change_message": "[{\"added\": {}}]"}}, {"model": "admin.logentry", "pk": 9, "fields": {"action_time": "2022-10-15T12:37:46.108Z", "user": 1, "content_type": 3, "object_id": "3", "object_repr": "funcionario_companhia", "action_flag": 2, "change_message": "[{\"changed\": {\"fields\": [\"Permissions\"]}}]"}}, {"model": "admin.logentry", "pk": 10, "fields": {"action_time": "2022-10-15T12:38:30.341Z", "user": 1, "content_type": 3, "object_id": "5", "object_repr": "funcionario_torre", "action_flag": 2, "change_message": "[{\"changed\": {\"fields\": [\"Permissions\"]}}]"}}, {"model": "admin.logentry", "pk": 11, "fields": {"action_time": "2022-10-15T12:38:36.445Z", "user": 1, "content_type": 3, "object_id": "4", "object_repr": "piloto", "action_flag": 2, "change_message": "[{\"changed\": {\"fields\": [\"Permissions\"]}}]"}}, {"model": "admin.logentry", "pk": 12, "fields": {"action_time": "2022-10-15T13:04:59.464Z", "user": 1, "content_type": 4, "object_id": "2", "object_repr": "gerente", "action_flag": 1, "change_message": "[{\"added\": {}}]"}}, {"model": "admin.logentry", "pk": 13, "fields": {"action_time": "2022-10-15T13:05:13.468Z", "user": 1, "content_type": 4, "object_id": "2", "object_repr": "gerente", "action_flag": 2, "change_message": "[{\"changed\": {\"fields\": [\"Groups\"]}}]"}}, {"model": "admin.logentry", "pk": 14, "fields": {"action_time": "2022-10-15T14:53:02.824Z", "user": 1, "content_type": 4, "object_id": "3", "object_repr": "piloto", "action_flag": 1, "change_message": "[{\"added\": {}}]"}}, {"model": "admin.logentry", "pk": 15, "fields": {"action_time": "2022-10-15T14:54:11.725Z", "user": 1, "content_type": 4, "object_id": "3", "object_repr": "piloto", "action_flag": 2, "change_message": "[{\"changed\": {\"fields\": [\"Groups\"]}}]"}}, {"model": "admin.logentry", "pk": 16, "fields": {"action_time": "2022-10-15T17:44:50.468Z", "user": 1, "content_type": 4, "object_id": "1", "object_repr": "admin", "action_flag": 2, "change_message": "[{\"changed\": {\"fields\": [\"Groups\"]}}]"}}, {"model": "admin.logentry", "pk": 17, "fields": {"action_time": "2022-11-05T17:15:59.647Z", "user": 1, "content_type": 8, "object_id": "1", "object_repr": "Estado object (1)", "action_flag": 1, "change_message": "[{\"added\": {}}]"}}, {"model": "admin.logentry", "pk": 18, "fields": {"action_time": "2022-11-05T17:16:03.926Z", "user": 1, "content_type": 8, "object_id": "2", "object_repr": "Estado object (2)", "action_flag": 1, "change_message": "[{\"added\": {}}]"}}, {"model": "admin.logentry", "pk": 19, "fields": {"action_time": "2022-11-05T17:16:33.955Z", "user": 1, "content_type": 10, "object_id": "AB1234", "object_repr": "Voo object (AB1234)", "action_flag": 1, "change_message": "[{\"added\": {}}]"}}, {"model": "admin.logentry", "pk": 20, "fields": {"action_time": "2022-11-05T17:17:16.498Z", "user": 1, "content_type": 10, "object_id": "CD5678", "object_repr": "Voo object (CD5678)", "action_flag": 1, "change_message": "[{\"added\": {}}]"}}, {"model": "admin.logentry", "pk": 21, "fields": {"action_time": "2022-11-05T17:17:55.377Z", "user": 1, "content_type": 7, "object_id": "1", "object_repr": "CompanhiaAerea object (1)", "action_flag": 2, "change_message": "[]"}}, {"model": "admin.logentry", "pk": 22, "fields": {"action_time": "2022-11-05T17:18:19.767Z", "user": 1, "content_type": 7, "object_id": "12", "object_repr": "CompanhiaAerea object (12)", "action_flag": 3, "change_message": ""}}, {"model": "admin.logentry", "pk": 23, "fields": {"action_time": "2022-11-05T17:18:19.785Z", "user": 1, "content_type": 7, "object_id": "11", "object_repr": "CompanhiaAerea object (11)", "action_flag": 3, "change_message": ""}}, {"model": "admin.logentry", "pk": 24, "fields": {"action_time": "2022-11-05T17:18:19.794Z", "user": 1, "content_type": 7, "object_id": "10", "object_repr": "CompanhiaAerea object (10)", "action_flag": 3, "change_message": ""}}, {"model": "admin.logentry", "pk": 25, "fields": {"action_time": "2022-11-05T17:18:19.803Z", "user": 1, "content_type": 7, "object_id": "9", "object_repr": "CompanhiaAerea object (9)", "action_flag": 3, "change_message": ""}}, {"model": "admin.logentry", "pk": 26, "fields": {"action_time": "2022-11-05T17:18:19.812Z", "user": 1, "content_type": 7, "object_id": "8", "object_repr": "CompanhiaAerea object (8)", "action_flag": 3, "change_message": ""}}, {"model": "admin.logentry", "pk": 27, "fields": {"action_time": "2022-11-05T17:18:19.821Z", "user": 1, "content_type": 7, "object_id": "7", "object_repr": "CompanhiaAerea object (7)", "action_flag": 3, "change_message": ""}}, {"model": "admin.logentry", "pk": 28, "fields": {"action_time": "2022-11-05T17:18:19.830Z", "user": 1, "content_type": 7, "object_id": "6", "object_repr": "CompanhiaAerea object (6)", "action_flag": 3, "change_message": ""}}, {"model": "admin.logentry", "pk": 29, "fields": {"action_time": "2022-11-05T17:18:19.839Z", "user": 1, "content_type": 7, "object_id": "5", "object_repr": "CompanhiaAerea object (5)", "action_flag": 3, "change_message": ""}}, {"model": "admin.logentry", "pk": 30, "fields": {"action_time": "2022-11-05T17:18:19.848Z", "user": 1, "content_type": 7, "object_id": "4", "object_repr": "CompanhiaAerea object (4)", "action_flag": 3, "change_message": ""}}, {"model": "admin.logentry", "pk": 31, "fields": {"action_time": "2022-11-05T17:18:19.857Z", "user": 1, "content_type": 7, "object_id": "3", "object_repr": "CompanhiaAerea object (3)", "action_flag": 3, "change_message": ""}}, {"model": "admin.logentry", "pk": 32, "fields": {"action_time": "2022-11-05T17:18:19.867Z", "user": 1, "content_type": 7, "object_id": "2", "object_repr": "CompanhiaAerea object (2)", "action_flag": 3, "change_message": ""}}, {"model": "admin.logentry", "pk": 33, "fields": {"action_time": "2022-11-05T17:19:24.514Z", "user": 1, "content_type": 9, "object_id": "1", "object_repr": "InstanciaVoo object (1)", "action_flag": 1, "change_message": "[{\"added\": {}}]"}}, {"model": "admin.logentry", "pk": 34, "fields": {"action_time": "2022-11-05T17:20:07.435Z", "user": 1, "content_type": 9, "object_id": "2", "object_repr": "InstanciaVoo object (2)", "action_flag": 1, "change_message": "[{\"added\": {}}]"}}, {"model": "admin.logentry", "pk": 35, "fields": {"action_time": "2022-11-05T17:21:00.995Z", "user": 1, "content_type": 9, "object_id": "3", "object_repr": "InstanciaVoo object (3)", "action_flag": 1, "change_message": "[{\"added\": {}}]"}}, {"model": "admin.logentry", "pk": 36, "fields": {"action_time": "2022-11-05T19:15:56.071Z", "user": 1, "content_type": 8, "object_id": "1", "object_repr": "Estado object (1)", "action_flag": 2, "change_message": "[{\"changed\": {\"fields\": [\"Nome\"]}}]"}}, {"model": "admin.logentry", "pk": 37, "fields": {"action_time": "2022-11-05T19:16:20.917Z", "user": 1, "content_type": 11, "object_id": "1", "object_repr": "Movimentacao object (1)", "action_flag": 1, "change_message": "[{\"added\": {}}]"}}, {"model": "admin.logentry", "pk": 38, "fields": {"action_time": "2022-11-05T19:17:04.448Z", "user": 1, "content_type": 11, "object_id": "2", "object_repr": "Movimentacao object (2)", "action_flag": 1, "change_message": "[{\"added\": {}}]"}}, {"model": "admin.logentry", "pk": 39, "fields": {"action_time": "2022-11-05T19:26:42.693Z", "user": 1, "content_type": 11, "object_id": "3", "object_repr": "Movimentacao object (3)", "action_flag": 1, "change_message": "[{\"added\": {}}]"}}, {"model": "admin.logentry", "pk": 40, "fields": {"action_time": "2022-11-07T00:10:02.490Z", "user": 1, "content_type": 10, "object_id": "AB1234", "object_repr": "Voo object (AB1234)", "action_flag": 2, "change_message": "[{\"changed\": {\"fields\": [\"Origem\", \"Destino\"]}}]"}}, {"model": "admin.logentry", "pk": 41, "fields": {"action_time": "2022-11-07T00:10:45.190Z", "user": 1, "content_type": 10, "object_id": "CD5678", "object_repr": "Voo object (CD5678)", "action_flag": 2, "change_message": "[{\"changed\": {\"fields\": [\"Origem\", \"Destino\"]}}]"}}, {"model": "admin.logentry", "pk": 42, "fields": {"action_time": "2022-11-11T18:20:19.006Z", "user": 1, "content_type": 8, "object_id": "3", "object_repr": "Estado Embarcando", "action_flag": 1, "change_message": "[{\"added\": {}}]"}}, {"model": "admin.logentry", "pk": 43, "fields": {"action_time": "2022-11-11T18:20:29.563Z", "user": 1, "content_type": 8, "object_id": "4", "object_repr": "Estado Cancelado", "action_flag": 1, "change_message": "[{\"added\": {}}]"}}, {"model": "admin.logentry", "pk": 44, "fields": {"action_time": "2022-11-11T18:20:44.433Z", "user": 1, "content_type": 8, "object_id": "5", "object_repr": "Estado Programado", "action_flag": 1, "change_message": "[{\"added\": {}}]"}}, {"model": "admin.logentry", "pk": 45, "fields": {"action_time": "2022-11-11T18:20:57.275Z", "user": 1, "content_type": 8, "object_id": "6", "object_repr": "Estado Taxiando", "action_flag": 1, "change_message": "[{\"added\": {}}]"}}, {"model": "admin.logentry", "pk": 46, "fields": {"action_time": "2022-11-11T18:21:08.868Z", "user": 1, "content_type": 8, "object_id": "7", "object_repr": "Estado Pronto", "action_flag": 1, "change_message": "[{\"added\": {}}]"}}, {"model": "admin.logentry", "pk": 47, "fields": {"action_time": "2022-11-11T18:21:30.628Z", "user": 1, "content_type": 8, "object_id": "8", "object_repr": "Estado Autorizado", "action_flag": 1, "change_message": "[{\"added\": {}}]"}}, {"model": "admin.logentry", "pk": 48, "fields": {"action_time": "2022-11-11T18:56:48.821Z", "user": 1, "content_type": 9, "object_id": "4", "object_repr": "Voo 4 associado a Rota AB1234", "action_flag": 1, "change_message": "[{\"added\": {}}]"}}, {"model": "admin.logentry", "pk": 49, "fields": {"action_time": "2022-11-11T19:16:46.465Z", "user": 1, "content_type": 9, "object_id": "5", "object_repr": "Voo 5 associado a Rota CD5678", "action_flag": 1, "change_message": "[{\"added\": {}}]"}}, {"model": "admin.logentry", "pk": 50, "fields": {"action_time": "2022-11-11T19:24:35.630Z", "user": 1, "content_type": 9, "object_id": "6", "object_repr": "Voo 6 associado a Rota CD5678", "action_flag": 1, "change_message": "[{\"added\": {}}]"}}, {"model": "admin.logentry", "pk": 51, "fields": {"action_time": "2022-11-18T17:16:29.648Z", "user": 1, "content_type": 4, "object_id": "4", "object_repr": "torre", "action_flag": 1, "change_message": "[{\"added\": {}}]"}}, {"model": "admin.logentry", "pk": 52, "fields": {"action_time": "2022-11-18T17:17:29.473Z", "user": 1, "content_type": 4, "object_id": "5", "object_repr": "operador", "action_flag": 1, "change_message": "[{\"added\": {}}]"}}, {"model": "admin.logentry", "pk": 53, "fields": {"action_time": "2022-11-18T17:18:18.315Z", "user": 1, "content_type": 4, "object_id": "5", "object_repr": "operador", "action_flag": 2, "change_message": "[{\"changed\": {\"fields\": [\"Groups\"]}}]"}}, {"model": "admin.logentry", "pk": 54, "fields": {"action_time": "2022-11-18T17:18:30.324Z", "user": 1, "content_type": 4, "object_id": "4", "object_repr": "torre", "action_flag": 2, "change_message": "[{\"changed\": {\"fields\": [\"Groups\"]}}]"}}, {"model": "admin.logentry", "pk": 55, "fields": {"action_time": "2022-11-18T17:21:36.351Z", "user": 1, "content_type": 4, "object_id": "6", "object_repr": "funcionario", "action_flag": 1, "change_message": "[{\"added\": {}}]"}}, {"model": "admin.logentry", "pk": 56, "fields": {"action_time": "2022-11-18T17:21:59.193Z", "user": 1, "content_type": 4, "object_id": "6", "object_repr": "funcionario", "action_flag": 2, "change_message": "[{\"changed\": {\"fields\": [\"Groups\"]}}]"}}, {"model": "admin.logentry", "pk": 57, "fields": {"action_time": "2022-11-18T17:24:36.253Z", "user": 1, "content_type": 3, "object_id": "2", "object_repr": "operador_companhia", "action_flag": 2, "change_message": "[{\"changed\": {\"fields\": [\"Permissions\"]}}]"}}, {"model": "admin.logentry", "pk": 58, "fields": {"action_time": "2022-11-18T17:26:26.470Z", "user": 1, "content_type": 3, "object_id": "3", "object_repr": "funcionario_companhia", "action_flag": 2, "change_message": "[{\"changed\": {\"fields\": [\"Permissions\"]}}]"}}, {"model": "admin.logentry", "pk": 59, "fields": {"action_time": "2022-11-25T18:17:46.129Z", "user": 1, "content_type": 8, "object_id": "9", "object_repr": "Estado Parado", "action_flag": 1, "change_message": "[{\"added\": {}}]"}}, {"model": "admin.logentry", "pk": 60, "fields": {"action_time": "2022-11-25T18:21:15.602Z", "user": 1, "content_type": 8, "object_id": "9", "object_repr": "Estado Parado na origem", "action_flag": 2, "change_message": "[{\"changed\": {\"fields\": [\"Nome\"]}}]"}}, {"model": "admin.logentry", "pk": 61, "fields": {"action_time": "2022-11-25T18:21:36.675Z", "user": 1, "content_type": 8, "object_id": "1", "object_repr": "Estado Aterissado no destino", "action_flag": 2, "change_message": "[{\"changed\": {\"fields\": [\"Nome\"]}}]"}}, {"model": "auth.permission", "pk": 1, "fields": {"name": "Can add log entry", "content_type": 1, "codename": "add_logentry"}}, {"model": "auth.permission", "pk": 2, "fields": {"name": "Can change log entry", "content_type": 1, "codename": "change_logentry"}}, {"model": "auth.permission", "pk": 3, "fields": {"name": "Can delete log entry", "content_type": 1, "codename": "delete_logentry"}}, {"model": "auth.permission", "pk": 4, "fields": {"name": "Can view log entry", "content_type": 1, "codename": "view_logentry"}}, {"model": "auth.permission", "pk": 5, "fields": {"name": "Can add permission", "content_type": 2, "codename": "add_permission"}}, {"model": "auth.permission", "pk": 6, "fields": {"name": "Can change permission", "content_type": 2, "codename": "change_permission"}}, {"model": "auth.permission", "pk": 7, "fields": {"name": "Can delete permission", "content_type": 2, "codename": "delete_permission"}}, {"model": "auth.permission", "pk": 8, "fields": {"name": "Can view permission", "content_type": 2, "codename": "view_permission"}}, {"model": "auth.permission", "pk": 9, "fields": {"name": "Can add group", "content_type": 3, "codename": "add_group"}}, {"model": "auth.permission", "pk": 10, "fields": {"name": "Can change group", "content_type": 3, "codename": "change_group"}}, {"model": "auth.permission", "pk": 11, "fields": {"name": "Can delete group", "content_type": 3, "codename": "delete_group"}}, {"model": "auth.permission", "pk": 12, "fields": {"name": "Can view group", "content_type": 3, "codename": "view_group"}}, {"model": "auth.permission", "pk": 13, "fields": {"name": "Can add user", "content_type": 4, "codename": "add_user"}}, {"model": "auth.permission", "pk": 14, "fields": {"name": "Can change user", "content_type": 4, "codename": "change_user"}}, {"model": "auth.permission", "pk": 15, "fields": {"name": "Can delete user", "content_type": 4, "codename": "delete_user"}}, {"model": "auth.permission", "pk": 16, "fields": {"name": "Can view user", "content_type": 4, "codename": "view_user"}}, {"model": "auth.permission", "pk": 17, "fields": {"name": "Can add content type", "content_type": 5, "codename": "add_contenttype"}}, {"model": "auth.permission", "pk": 18, "fields": {"name": "Can change content type", "content_type": 5, "codename": "change_contenttype"}}, {"model": "auth.permission", "pk": 19, "fields": {"name": "Can delete content type", "content_type": 5, "codename": "delete_contenttype"}}, {"model": "auth.permission", "pk": 20, "fields": {"name": "Can view content type", "content_type": 5, "codename": "view_contenttype"}}, {"model": "auth.permission", "pk": 21, "fields": {"name": "Can add session", "content_type": 6, "codename": "add_session"}}, {"model": "auth.permission", "pk": 22, "fields": {"name": "Can change session", "content_type": 6, "codename": "change_session"}}, {"model": "auth.permission", "pk": 23, "fields": {"name": "Can delete session", "content_type": 6, "codename": "delete_session"}}, {"model": "auth.permission", "pk": 24, "fields": {"name": "Can view session", "content_type": 6, "codename": "view_session"}}, {"model": "auth.permission", "pk": 25, "fields": {"name": "Can add companhia aerea", "content_type": 7, "codename": "add_companhiaaerea"}}, {"model": "auth.permission", "pk": 26, "fields": {"name": "Can change companhia aerea", "content_type": 7, "codename": "change_companhiaaerea"}}, {"model": "auth.permission", "pk": 27, "fields": {"name": "Can delete companhia aerea", "content_type": 7, "codename": "delete_companhiaaerea"}}, {"model": "auth.permission", "pk": 28, "fields": {"name": "Can view companhia aerea", "content_type": 7, "codename": "view_companhiaaerea"}}, {"model": "auth.permission", "pk": 29, "fields": {"name": "Can add estado", "content_type": 8, "codename": "add_estado"}}, {"model": "auth.permission", "pk": 30, "fields": {"name": "Can change estado", "content_type": 8, "codename": "change_estado"}}, {"model": "auth.permission", "pk": 31, "fields": {"name": "Can delete estado", "content_type": 8, "codename": "delete_estado"}}, {"model": "auth.permission", "pk": 32, "fields": {"name": "Can view estado", "content_type": 8, "codename": "view_estado"}}, {"model": "auth.permission", "pk": 33, "fields": {"name": "Can add instancia voo", "content_type": 9, "codename": "add_instanciavoo"}}, {"model": "auth.permission", "pk": 34, "fields": {"name": "Can change instancia voo", "content_type": 9, "codename": "change_instanciavoo"}}, {"model": "auth.permission", "pk": 35, "fields": {"name": "Can delete instancia voo", "content_type": 9, "codename": "delete_instanciavoo"}}, {"model": "auth.permission", "pk": 36, "fields": {"name": "Can view instancia voo", "content_type": 9, "codename": "view_instanciavoo"}}, {"model": "auth.permission", "pk": 37, "fields": {"name": "Can add voo", "content_type": 10, "codename": "add_voo"}}, {"model": "auth.permission", "pk": 38, "fields": {"name": "Can change voo", "content_type": 10, "codename": "change_voo"}}, {"model": "auth.permission", "pk": 39, "fields": {"name": "Can delete voo", "content_type": 10, "codename": "delete_voo"}}, {"model": "auth.permission", "pk": 40, "fields": {"name": "Can view voo", "content_type": 10, "codename": "view_voo"}}, {"model": "auth.permission", "pk": 41, "fields": {"name": "Can add movimentacao", "content_type": 11, "codename": "add_movimentacao"}}, {"model": "auth.permission", "pk": 42, "fields": {"name": "Can change movimentacao", "content_type": 11, "codename": "change_movimentacao"}}, {"model": "auth.permission", "pk": 43, "fields": {"name": "Can delete movimentacao", "content_type": 11, "codename": "delete_movimentacao"}}, {"model": "auth.permission", "pk": 44, "fields": {"name": "Can view movimentacao", "content_type": 11, "codename": "view_movimentacao"}}, {"model": "auth.permission", "pk": 45, "fields": {"name": "Can add access attempt", "content_type": 12, "codename": "add_accessattempt"}}, {"model": "auth.permission", "pk": 46, "fields": {"name": "Can change access attempt", "content_type": 12, "codename": "change_accessattempt"}}, {"model": "auth.permission", "pk": 47, "fields": {"name": "Can delete access attempt", "content_type": 12, "codename": "delete_accessattempt"}}, {"model": "auth.permission", "pk": 48, "fields": {"name": "Can view access attempt", "content_type": 12, "codename": "view_accessattempt"}}, {"model": "auth.permission", "pk": 49, "fields": {"name": "Can add access log", "content_type": 13, "codename": "add_accesslog"}}, {"model": "auth.permission", "pk": 50, "fields": {"name": "Can change access log", "content_type": 13, "codename": "change_accesslog"}}, {"model": "auth.permission", "pk": 51, "fields": {"name": "Can delete access log", "content_type": 13, "codename": "delete_accesslog"}}, {"model": "auth.permission", "pk": 52, "fields": {"name": "Can view access log", "content_type": 13, "codename": "view_accesslog"}}, {"model": "auth.permission", "pk": 53, "fields": {"name": "Can add access failure", "content_type": 14, "codename": "add_accessfailurelog"}}, {"model": "auth.permission", "pk": 54, "fields": {"name": "Can change access failure", "content_type": 14, "codename": "change_accessfailurelog"}}, {"model": "auth.permission", "pk": 55, "fields": {"name": "Can delete access failure", "content_type": 14, "codename": "delete_accessfailurelog"}}, {"model": "auth.permission", "pk": 56, "fields": {"name": "Can view access failure", "content_type": 14, "codename": "view_accessfailurelog"}}, {"model": "auth.group", "pk": 1, "fields": {"name": "admin", "permissions": [1, 2, 3, 4, 9, 10, 11, 12, 5, 6, 7, 8, 13, 14, 15, 16, 17, 18, 19, 20, 21, 22, 23, 24, 25, 26, 27, 28, 29, 30, 31, 32, 33, 34, 35, 36, 41, 42, 43, 44, 37, 38, 39, 40]}}, {"model": "auth.group", "pk": 2, "fields": {"name": "operador_companhia", "permissions": [33, 34, 35, 36, 37, 38, 39, 40]}}, {"model": "auth.group", "pk": 3, "fields": {"name": "funcionario_companhia", "permissions": [32, 34, 36, 41, 44]}}, {"model": "auth.group", "pk": 4, "fields": {"name": "piloto", "permissions": [34, 36, 44]}}, {"model": "auth.group", "pk": 5, "fields": {"name": "funcionario_torre", "permissions": [34, 36, 44]}}, {"model": "auth.group", "pk": 6, "fields": {"name": "gerente", "permissions": [25, 26, 27, 28, 29, 30, 31, 32, 33, 34, 35, 36, 41, 42, 43, 44, 37, 38, 39, 40]}}, {"model": "auth.user", "pk": 1, "fields": {"password": "pbkdf2_sha256$390000$adVVvfseSVguqRnlwqdxoM$jJ4p4McP/fTdV2YmGOjt36c7PR15obtr8GAiOlhv7mQ=", "last_login": "2022-11-25T18:40:06.067Z", "is_superuser": true, "username": "admin", "first_name": "", "last_name": "", "email": "admin@example.com", "is_staff": true, "is_active": true, "date_joined": "2022-10-15T11:57:00Z", "groups": [1], "user_permissions": []}}, {"model": "auth.user", "pk": 2, "fields": {"password": "pbkdf2_sha256$390000$KmoafuXU7DBYKtcXRkpceA$j+AYoViU1DZ/R4IsPV5Cin8C+4jZ7kHy7cw4YNgeq40=", "last_login": "2022-11-25T17:50:35.126Z", "is_superuser": false, "username": "gerente", "first_name": "", "last_name": "", "email": "", "is_staff": false, "is_active": true, "date_joined": "2022-10-15T13:04:59Z", "groups": [6], "user_permissions": []}}, {"model": "auth.user", "pk": 3, "fields": {"password": "pbkdf2_sha256$390000$0gW2CqW9NnHXiaKA9eYH8o$8EBo10+ovqGOIaw8C01ufSXgpax5OWv3uNW+xd2DFi4=", "last_login": "2022-11-25T18:25:04.481Z", "is_superuser": false, "username": "piloto", "first_name": "", "last_name": "", "email": "", "is_staff": false, "is_active": true, "date_joined": "2022-10-15T14:53:02Z", "groups": [4], "user_permissions": []}}, {"model": "auth.user", "pk": 4, "fields": {"password": "pbkdf2_sha256$390000$WNJD6Pp3yDp8SLLS7yjn4J$jHDRAqL0RlL1UrpKxfYO8yixL4KxQt21VRdAM5nyNUI=", "last_login": "2022-11-18T17:31:41.286Z", "is_superuser": false, "username": "torre", "first_name": "", "last_name": "", "email": "", "is_staff": false, "is_active": true, "date_joined": "2022-11-18T17:16:29Z", "groups": [5], "user_permissions": []}}, {"model": "auth.user", "pk": 5, "fields": {"password": "pbkdf2_sha256$390000$B3gTG2j5Mxk6A8XozYqGCR$aQhzmbbIeBZ5bp6b36iHIRsK6sIMJQ7GiF2qjYXkM3A=", "last_login": "2022-11-25T18:15:13.625Z", "is_superuser": false, "username": "operador", "first_name": "", "last_name": "", "email": "", "is_staff": false, "is_active": true, "date_joined": "2022-11-18T17:17:29Z", "groups": [2], "user_permissions": []}}, {"model": "auth.user", "pk": 6, "fields": {"password": "pbkdf2_sha256$390000$drvNyoCtoKIYfOirt3iNEZ$2CGIT+rlP5xDa7DXvGm5vOuzFQjp9bNs1ddrac43fjM=", "last_login": "2022-11-18T17:26:52.558Z", "is_superuser": false, "username": "funcionario", "first_name": "", "last_name": "", "email": "", "is_staff": false, "is_active": true, "date_joined": "2022-11-18T17:21:36Z", "groups": [3], "user_permissions": []}}, {"model": "contenttypes.contenttype", "pk": 1, "fields": {"app_label": "admin", "model": "logentry"}}, {"model": "contenttypes.contenttype", "pk": 2, "fields": {"app_label": "auth", "model": "permission"}}, {"model": "contenttypes.contenttype", "pk": 3, "fields": {"app_label": "auth", "model": "group"}}, {"model": "contenttypes.contenttype", "pk": 4, "fields": {"app_label": "auth", "model": "user"}}, {"model": "contenttypes.contenttype", "pk": 5, "fields": {"app_label": "contenttypes", "model": "contenttype"}}, {"model": "contenttypes.contenttype", "pk": 6, "fields": {"app_label": "sessions", "model": "session"}}, {"model": "contenttypes.contenttype", "pk": 7, "fields": {"app_label": "voos", "model": "companhiaaerea"}}, {"model": "contenttypes.contenttype", "pk": 8, "fields": {"app_label": "voos", "model": "estado"}}, {"model": "contenttypes.contenttype", "pk": 9, "fields": {"app_label": "voos", "model": "instanciavoo"}}, {"model": "contenttypes.contenttype", "pk": 10, "fields": {"app_label": "voos", "model": "voo"}}, {"model": "contenttypes.contenttype", "pk": 11, "fields": {"app_label": "voos", "model": "movimentacao"}}, {"model": "contenttypes.contenttype", "pk": 12, "fields": {"app_label": "axes", "model": "accessattempt"}}, {"model": "contenttypes.contenttype", "pk": 13, "fields": {"app_label": "axes", "model": "accesslog"}}, {"model": "contenttypes.contenttype", "pk": 14, "fields": {"app_label": "axes", "model": "accessfailurelog"}}, {"model": "sessions.session", "pk": "0st9gcpzvvvspqbvrdc9mlv84as8cj7f", "fields": {"session_data": ".eJxVjDsOwjAQBe_iGln-e0NJzxmijXeNA8iW4qRC3B0ipYD2zcx7iRG3tYxb52WcSZyFFqffbcL04LoDumO9NZlaXZd5krsiD9rltRE_L4f7d1Cwl28NyQXE5I0JMRvrXODBEGdtIXuwQQEo4uCZBpWin7QhlRkt6AjoohfvD9HdN1M:1ojlEM:29_UcIWU4JPbMo4hJlSM8ohOgDirBJAL7sT_0mCPzqc", "expire_date": "2022-10-29T17:45:50.629Z"}}, {"model": "sessions.session", "pk": "1w94zdxo9gsefq1yacismi85qnqpvo1d", "fields": {"session_data": ".eJxVjDsOwjAQBe_iGlnrT_yhpOcM1nq9wQHkSHFSIe4OkVJA-2bmvUTCba1p67ykqYizMOL0u2WkB7cdlDu22yxpbusyZbkr8qBdXufCz8vh_h1U7PVb62yDVpE9cvE5aIYBI_jsAcGSG6mYbABoBKISnMKgtPaDid5psIrE-wPhqjda:1ojlUt:HjTZExYFj5aFSngA6bLasbxdUXTqkggVc5Ne8hdu_7Q", "expire_date": "2022-10-29T18:02:55.374Z"}}, {"model": "sessions.session", "pk": "56v8hp70hodnd54tm8p7suvq8iwpivre", "fields": {"session_data": ".eJxVjEEOwiAQRe_C2pCWMoO4dN8zkGEGpGpoUtqV8e7apAvd_vfef6lA21rC1tISJlEXZdXpd4vEj1R3IHeqt1nzXNdlinpX9EGbHmdJz-vh_h0UauVbJ2DwGahji-xkIMaz8UZcJBGJXsjG3Hs_IHSCkJMIGsc9kMGMltT7AwwEOM8:1ow5DJ:SxqvHt2LA9rYSYmGlEBsEwqOX-0R2DecJ2FVvryxTw8", "expire_date": "2022-12-02T17:31:41.297Z"}}, {"model": "sessions.session", "pk": "6x66zeywqp29wpoq7nxsij313t2tkk3e", "fields": {"session_data": ".eJxVjEEOwiAQRe_C2hA6U6C4dN8zNDMw2KopSWlXxrsbki50-997_60mOvZ5Oqps05LUVYG6_G5M8SlrA-lB673oWNZ9W1g3RZ-06rEked1O9-9gpjq32jHa3riBQ8Jgo4PsMBNF6F32A2CGzvZivQh6xuQiBTDYMXoEw0Z9vtULNzs:1oqMmo:MP0AGOJ98dzi6uXfQUu_29AhmN8KPPeCjPmnUFkBcnY", "expire_date": "2022-11-16T23:04:42.115Z"}}, {"model": "sessions.session", "pk": "cqsj4m5tbg6w4h5f2xetjrf7oz4w6pru", "fields": {"session_data": ".eJxVjDsOwjAQBe_iGlnrT_yhpOcM1nq9wQHkSHFSIe4OkVJA-2bmvUTCba1p67ykqYizMOL0u2WkB7cdlDu22yxpbusyZbkr8qBdXufCz8vh_h1U7PVb62yDVpE9cvE5aIYBI_jsAcGSG6mYbABoBKISnMKgtPaDid5psIrE-wPhqjda:1ojl11:ro2iNkwPJ-t6ZlyRoEhoPdzC1bTzYf2s0Q0OFsXQqrM", "expire_date": "2022-10-29T17:32:03.854Z"}}, {"model": "sessions.session", "pk": "gg5ydjq22cspvndjfkpa5hdz764uz5hj", "fields": {"session_data": ".eJxVjDsOwjAQBe_iGln-e0NJzxmijXeNA8iW4qRC3B0ipYD2zcx7iRG3tYxb52WcSZyFFqffbcL04LoDumO9NZlaXZd5krsiD9rltRE_L4f7d1Cwl28NyQXE5I0JMRvrXODBEGdtIXuwQQEo4uCZBpWin7QhlRkt6AjoohfvD9HdN1M:1olx2b:NOgNwiDPcg9mFrwdL2gSVh-BZjPoh-GnXV5eQsn_PMg", "expire_date": "2022-11-04T18:46:45.859Z"}}, {"model": "sessions.session", "pk": "iw3epkg08n04j1hjth7nr2arzyvkwstc", "fields": {"session_data": ".eJxVjDsOwjAQBe_iGln-e0NJzxmijXeNA8iW4qRC3B0ipYD2zcx7iRG3tYxb52WcSZyFFqffbcL04LoDumO9NZlaXZd5krsiD9rltRE_L4f7d1Cwl28NyQXE5I0JMRvrXODBEGdtIXuwQQEo4uCZBpWin7QhlRkt6AjoohfvD9HdN1M:1oqKQg:FMCNNrrtLAiewsJskQGblzkZ6855FXwIGM6Ob2A47lk", "expire_date": "2022-11-16T20:33:42.165Z"}}, {"model": "sessions.session", "pk": "ldlgql4763lpw5stz0isosogvxouvz1c", "fields": {"session_data": ".eJxVjDsOwjAQBe_iGlnrT_yhpOcM1nq9wQHkSHFSIe4OkVJA-2bmvUTCba1p67ykqYizMOL0u2WkB7cdlDu22yxpbusyZbkr8qBdXufCz8vh_h1U7PVb62yDVpE9cvE5aIYBI_jsAcGSG6mYbABoBKISnMKgtPaDid5psIrE-wPhqjda:1ojiXN:tsHFXCbUzdnkieDMQxzpWw9F-Q1_iXcuZ3x9vqKyAwI", "expire_date": "2022-10-29T14:53:17.576Z"}}, {"model": "sessions.session", "pk": "onl8f4pe59ywrh6ddcahelfp2ypn21qr", "fields": {"session_data": ".eJxVjDsOwjAQBe_iGln-e0NJzxmijXeNA8iW4qRC3B0ipYD2zcx7iRG3tYxb52WcSZyFFqffbcL04LoDumO9NZlaXZd5krsiD9rltRE_L4f7d1Cwl28NyQXE5I0JMRvrXODBEGdtIXuwQQEo4uCZBpWin7QhlRkt6AjoohfvD9HdN1M:1ojiXz:0ut2zF-na43kZFrhcRiRURfTNWTny5wTDniHmaTdnUU", "expire_date": "2022-10-29T14:53:55.033Z"}}, {"model": "sessions.session", "pk": "ou6es0rtr1px8ghj88znyhyk88zoboxz", "fields": {"session_data": ".eJxVjDsOwjAQBe_iGln-e0NJzxmijXeNA8iW4qRC3B0ipYD2zcx7iRG3tYxb52WcSZyFFqffbcL04LoDumO9NZlaXZd5krsiD9rltRE_L4f7d1Cwl28NyQXE5I0JMRvrXODBEGdtIXuwQQEo4uCZBpWin7QhlRkt6AjoohfvD9HdN1M:1oqKct:IKTsQjSq_QC9bAlUxAYyg4Zqf8R5FMkrQ32kdJBV6cc", "expire_date": "2022-11-16T20:46:19.079Z"}}, {"model": "sessions.session", "pk": "qfb89yhuyuzr1y5es46ti0qypets5qrv", "fields": {"session_data": ".eJxVjDsOwjAQBe_iGln-e0NJzxmijXeNA8iW4qRC3B0ipYD2zcx7iRG3tYxb52WcSZyFFqffbcL04LoDumO9NZlaXZd5krsiD9rltRE_L4f7d1Cwl28NyQXE5I0JMRvrXODBEGdtIXuwQQEo4uCZBpWin7QhlRkt6AjoohfvD9HdN1M:1oydcM:aKE7f6jUxRGp5k7DeyRHs9eVhajMxVRvPbJtoUvTpOg", "expire_date": "2022-12-09T18:40:06.079Z"}}, {"model": "sessions.session", "pk": "wq61s63nxt80t80y9yhhm5f7nzzmimzf", "fields": {"session_data": ".eJxVjDsOwjAQBe_iGlnrT_yhpOcM1nq9wQHkSHFSIe4OkVJA-2bmvUTCba1p67ykqYizMOL0u2WkB7cdlDu22yxpbusyZbkr8qBdXufCz8vh_h1U7PVb62yDVpE9cvE5aIYBI_jsAcGSG6mYbABoBKISnMKgtPaDid5psIrE-wPhqjda:1ojl45:Fn1VXfKj9dVBSZHu3l7SeSYnicBfpkVf1t2OxhCTKSo", "expire_date": "2022-10-29T17:35:13.139Z"}}, {"model": "voos.estado", "pk": 1, "fields": {"nome": "Aterissado no destino"}}, {"model": "voos.estado", "pk": 2, "fields": {"nome": "Em voo"}}, {"model": "voos.estado", "pk": 3, "fields": {"nome": "Embarcando"}}, {"model": "voos.estado", "pk": 4, "fields": {"nome": "Cancelado"}}, {"model": "voos.estado", "pk": 5, "fields": {"nome": "Programado"}}, {"model": "voos.estado", "pk": 6, "fields": {"nome": "Taxiando"}}, {"model": "voos.estado", "pk": 7, "fields": {"nome": "Pronto"}}, {"model": "voos.estado", "pk": 8, "fields": {"nome": "Autorizado"}}, {"model": "voos.estado", "pk": 9, "fields": {"nome": "Parado na origem"}}, {"model": "voos.companhiaaerea", "pk": 1, "fields": {"nome": "Gol", "sigla": "GOL"}}, {"model": "voos.companhiaaerea", "pk": 13, "fields": {"nome": "Azul", "sigla": "AZU"}}, {"model": "voos.voo", "pk": "AB1234", "fields": {"origem": "SDU", "destino": "GRU", "companhia_aerea": 1}}, {"model": "voos.voo", "pk": "CD5678", "fields": {"origem": "GRU", "destino": "LHR", "companhia_aerea": 13}}, {"model": "voos.instanciavoo", "pk": 1, "fields": {"partida_prevista": "2022-11-05T17:18:43Z", "partida_real": "2022-11-25T18:26:02.080Z", "chegada_prevista": "2022-11-05T20:18:46Z", "chegada_real": "2022-11-05T20:18:47Z", "estado_atual": 1, "voo": "AB1234"}}, {"model": "voos.instanciavoo", "pk": 2, "fields": {"partida_prevista": "2022-11-04T17:19:36Z", "partida_real": "2022-11-04T17:19:37Z", "chegada_prevista": "2022-11-04T17:19:38Z", "chegada_real": "2022-11-04T17:19:40Z", "estado_atual": 2, "voo": "CD5678"}}, {"model": "voos.instanciavoo", "pk": 3, "fields": {"partida_prevista": "2021-11-05T17:20:14Z", "partida_real": "2021-11-05T17:20:15Z", "chegada_prevista": "2021-11-05T20:20:16Z", "chegada_real": "2021-11-05T20:20:17Z", "estado_atual": 2, "voo": "AB1234"}}, {"model": "voos.instanciavoo", "pk": 4, "fields": {"partida_prevista": "2022-11-11T18:56:32Z", "partida_real": "2022-11-11T19:08:15.698Z", "chegada_prevista": "2022-11-11T23:56:35Z", "chegada_real": "2022-11-11T19:09:47.892Z", "estado_atual": 1, "voo": "AB1234"}}, {"model": "voos.instanciavoo", "pk": 5, "fields": {"partida_prevista": "2022-11-11T19:16:36Z", "partida_real": "2022-11-11T19:17:12.702Z", "chegada_prevista": "2022-11-11T21:16:37Z", "chegada_real": "2022-11-11T19:17:33.056Z", "estado_atual": 7, "voo": "CD5678"}}, {"model": "voos.instanciavoo", "pk": 6, "fields": {"partida_prevista": "2022-11-11T19:24:14Z", "partida_real": "2022-11-11T19:29:34.798Z", "chegada_prevista": "2022-11-11T20:24:16Z", "chegada_real": "2022-11-11T19:29:43.197Z", "estado_atual": 1, "voo": "CD5678"}}, {"model": "voos.instanciavoo", "pk": 8, "fields": {"partida_prevista": "2022-01-01T08:12:04Z", "partida_real": null, "chegada_prevista": "2022-01-01T12:12:04Z", "chegada_real": "2022-11-25T18:49:33.354Z", "estado_atual": 1, "voo": "AB1234"}}, {"model": "voos.instanciavoo", "pk": 9, "fields": {"partida_prevista": "2022-01-01T08:12:04Z", "partida_real": "2022-11-25T18:55:36.941Z", "chegada_prevista": "2022-01-01T12:12:04Z", "chegada_real": "2022-11-25T18:55:42.310Z", "estado_atual": 1, "voo": null}}, {"model": "voos.movimentacao", "pk": 1, "fields": {"data_movimentacao": "2022-11-05T19:14:23Z", "tempo_movimentacao": "00:01:40", "instancia_voo": 3, "estado_anterior": 2, "estado_posterior": 1}}, {"model": "voos.movimentacao", "pk": 2, "fields": {"data_movimentacao": "2021-11-05T19:16:28Z", "tempo_movimentacao": "00:16:40", "instancia_voo": 1, "estado_anterior": 2, "estado_posterior": 1}}, {"model": "voos.movimentacao", "pk": 3, "fields": {"data_movimentacao": "2021-11-05T19:26:23Z", "tempo_movimentacao": "00:01:40", "instancia_voo": 1, "estado_anterior": 1, "estado_posterior": 2}}, {"model": "voos.movimentacao", "pk": 4, "fields": {"data_movimentacao": "2022-11-11T15:41:33.705Z", "tempo_movimentacao": "370 23:15:10.705331", "instancia_voo": 1, "estado_anterior": 1, "estado_posterior": 3}}, {"model": "voos.movimentacao", "pk": 5, "fields": {"data_movimentacao": "2022-11-11T15:41:40.816Z", "tempo_movimentacao": "03:00:07.111144", "instancia_voo": 1, "estado_anterior": 3, "estado_posterior": 5}}, {"model": "voos.movimentacao", "pk": 6, "fields": {"data_movimentacao": "2022-11-11T15:41:46.769Z", "tempo_movimentacao": "03:00:05.952619", "instancia_voo": 1, "estado_anterior": 5, "estado_posterior": 6}}, {"model": "voos.movimentacao", "pk": 7, "fields": {"data_movimentacao": "2022-11-11T15:42:00.530Z", "tempo_movimentacao": "03:00:13.760914", "instancia_voo": 1, "estado_anterior": 6, "estado_posterior": 7}}, {"model": "voos.movimentacao", "pk": 8, "fields": {"data_movimentacao": "2022-11-11T15:42:07.425Z", "tempo_movimentacao": "03:00:06.895799", "instancia_voo": 1, "estado_anterior": 7, "estado_posterior": 8}}, {"model": "voos.movimentacao", "pk": 9, "fields": {"data_movimentacao": "2022-11-11T15:42:18.320Z", "tempo_movimentacao": "03:00:10.894388", "instancia_voo": 1, "estado_anterior": 8, "estado_posterior": 2}}, {"model": "voos.movimentacao", "pk": 10, "fields": {"data_movimentacao": "2022-11-11T15:42:26.114Z", "tempo_movimentacao": "03:00:07.794168", "instancia_voo": 1, "estado_anterior": 2, "estado_posterior": 1}}, {"model": "voos.movimentacao", "pk": 11, "fields": {"data_movimentacao": "2022-11-11T15:42:47.321Z", "tempo_movimentacao": "03:00:21.207251", "instancia_voo": 1, "estado_anterior": 1, "estado_posterior": 4}}, {"model": "voos.movimentacao", "pk": 12, "fields": {"data_movimentacao": "2022-11-11T15:42:52.419Z", "tempo_movimentacao": "03:00:05.097658", "instancia_voo": 1, "estado_anterior": 4, "estado_posterior": 4}}, {"model": "voos.movimentacao", "pk": 13, "fields": {"data_movimentacao": "2022-11-11T16:07:59.850Z", "tempo_movimentacao": null, "instancia_voo": 4, "estado_anterior": 3, "estado_posterior": 5}}, {"model": "voos.movimentacao", "pk": 14, "fields": {"data_movimentacao": "2022-11-11T16:08:03.970Z", "tempo_movimentacao": "03:00:04.119769", "instancia_voo": 4, "estado_anterior": 5, "estado_posterior": 6}}, {"model": "voos.movimentacao", "pk": 15, "fields": {"data_movimentacao": "2022-11-11T16:08:07.996Z", "tempo_movimentacao": "03:00:04.026294", "instancia_voo": 4, "estado_anterior": 6, "estado_posterior": 7}}, {"model": "voos.movimentacao", "pk": 16, "fields": {"data_movimentacao": "2022-11-11T16:08:11.121Z", "tempo_movimentacao": "03:00:03.124980", "instancia_voo": 4, "estado_anterior": 7, "estado_posterior": 8}}, {"model": "voos.movimentacao", "pk": 17, "fields": {"data_movimentacao": "2022-11-11T16:08:15.706Z", "tempo_movimentacao": "03:00:04.584629", "instancia_voo": 4, "estado_anterior": 8, "estado_posterior": 2}}, {"model": "voos.movimentacao", "pk": 18, "fields": {"data_movimentacao": "2022-11-11T16:09:47.902Z", "tempo_movimentacao": "03:01:32.195749", "instancia_voo": 4, "estado_anterior": 2, "estado_posterior": 1}}, {"model": "voos.movimentacao", "pk": 19, "fields": {"data_movimentacao": "2022-11-11T16:16:56.527Z", "tempo_movimentacao": null, "instancia_voo": 5, "estado_anterior": 1, "estado_posterior": 3}}, {"model": "voos.movimentacao", "pk": 20, "fields": {"data_movimentacao": "2022-11-11T16:16:59.559Z", "tempo_movimentacao": "03:00:03.032230", "instancia_voo": 5, "estado_anterior": 3, "estado_posterior": 5}}, {"model": "voos.movimentacao", "pk": 21, "fields": {"data_movimentacao": "2022-11-11T16:17:02.941Z", "tempo_movimentacao": "03:00:03.382431", "instancia_voo": 5, "estado_anterior": 5, "estado_posterior": 6}}, {"model": "voos.movimentacao", "pk": 22, "fields": {"data_movimentacao": "2022-11-11T16:17:07.807Z", "tempo_movimentacao": "03:00:04.865711", "instancia_voo": 5, "estado_anterior": 6, "estado_posterior": 7}}, {"model": "voos.movimentacao", "pk": 23, "fields": {"data_movimentacao": "2022-11-11T16:17:10.144Z", "tempo_movimentacao": "03:00:02.336859", "instancia_voo": 5, "estado_anterior": 7, "estado_posterior": 8}}, {"model": "voos.movimentacao", "pk": 24, "fields": {"data_movimentacao": "2022-11-11T16:17:12.710Z", "tempo_movimentacao": "03:00:02.565908", "instancia_voo": 5, "estado_anterior": 8, "estado_posterior": 2}}, {"model": "voos.movimentacao", "pk": 25, "fields": {"data_movimentacao": "2022-11-11T16:17:33.064Z", "tempo_movimentacao": "03:00:20.354487", "instancia_voo": 5, "estado_anterior": 2, "estado_posterior": 1}}, {"model": "voos.movimentacao", "pk": 26, "fields": {"data_movimentacao": "2022-11-11T16:17:36.174Z", "tempo_movimentacao": "03:00:03.109637", "instancia_voo": 5, "estado_anterior": 1, "estado_posterior": 3}}, {"model": "voos.movimentacao", "pk": 27, "fields": {"data_movimentacao": "2022-11-11T16:17:39.216Z", "tempo_movimentacao": "03:00:03.041778", "instancia_voo": 5, "estado_anterior": 3, "estado_posterior": 5}}, {"model": "voos.movimentacao", "pk": 28, "fields": {"data_movimentacao": "2022-11-11T16:17:41.678Z", "tempo_movimentacao": "03:00:02.462549", "instancia_voo": 5, "estado_anterior": 5, "estado_posterior": 6}}, {"model": "voos.movimentacao", "pk": 29, "fields": {"data_movimentacao": "2022-11-11T16:17:44.517Z", "tempo_movimentacao": "03:00:02.839184", "instancia_voo": 5, "estado_anterior": 6, "estado_posterior": 7}}, {"model": "voos.movimentacao", "pk": 30, "fields": {"data_movimentacao": "2022-11-11T16:25:56.081Z", "tempo_movimentacao": null, "instancia_voo": 6, "estado_anterior": 1, "estado_posterior": 3}}, {"model": "voos.movimentacao", "pk": 31, "fields": {"data_movimentacao": "2022-11-11T16:25:59.320Z", "tempo_movimentacao": "03:00:03.239003", "instancia_voo": 6, "estado_anterior": 3, "estado_posterior": 5}}, {"model": "voos.movimentacao", "pk": 32, "fields": {"data_movimentacao": "2022-11-11T16:26:02.347Z", "tempo_movimentacao": "03:00:03.027119", "instancia_voo": 6, "estado_anterior": 5, "estado_posterior": 6}}, {"model": "voos.movimentacao", "pk": 33, "fields": {"data_movimentacao": "2022-11-11T16:26:05.427Z", "tempo_movimentacao": "03:00:03.079290", "instancia_voo": 6, "estado_anterior": 6, "estado_posterior": 7}}, {"model": "voos.movimentacao", "pk": 34, "fields": {"data_movimentacao": "2022-11-11T16:26:09.038Z", "tempo_movimentacao": "03:00:03.611428", "instancia_voo": 6, "estado_anterior": 7, "estado_posterior": 8}}, {"model": "voos.movimentacao", "pk": 35, "fields": {"data_movimentacao": "2022-11-11T16:26:13.897Z", "tempo_movimentacao": "03:00:04.858909", "instancia_voo": 6, "estado_anterior": 8, "estado_posterior": 2}}, {"model": "voos.movimentacao", "pk": 36, "fields": {"data_movimentacao": "2022-11-11T19:28:56.829Z", "tempo_movimentacao": "03:02:42.931436", "instancia_voo": 6, "estado_anterior": 2, "estado_posterior": 1}}, {"model": "voos.movimentacao", "pk": 37, "fields": {"data_movimentacao": "2022-11-11T19:29:17.525Z", "tempo_movimentacao": "00:00:20.696837", "instancia_voo": 6, "estado_anterior": 1, "estado_posterior": 3}}, {"model": "voos.movimentacao", "pk": 38, "fields": {"data_movimentacao": "2022-11-11T19:29:20.022Z", "tempo_movimentacao": "00:00:02.496515", "instancia_voo": 6, "estado_anterior": 3, "estado_posterior": 5}}, {"model": "voos.movimentacao", "pk": 39, "fields": {"data_movimentacao": "2022-11-11T19:29:22.517Z", "tempo_movimentacao": "00:00:02.495285", "instancia_voo": 6, "estado_anterior": 5, "estado_posterior": 6}}, {"model": "voos.movimentacao", "pk": 40, "fields": {"data_movimentacao": "2022-11-11T19:29:25.333Z", "tempo_movimentacao": "00:00:02.815604", "instancia_voo": 6, "estado_anterior": 6, "estado_posterior": 7}}, {"model": "voos.movimentacao", "pk": 41, "fields": {"data_movimentacao": "2022-11-11T19:29:28.141Z", "tempo_movimentacao": "00:00:02.808057", "instancia_voo": 6, "estado_anterior": 7, "estado_posterior": 8}}, {"model": "voos.movimentacao", "pk": 42, "fields": {"data_movimentacao": "2022-11-11T19:29:34.805Z", "tempo_movimentacao": "00:00:06.664110", "instancia_voo": 6, "estado_anterior": 8, "estado_posterior": 2}}, {"model": "voos.movimentacao", "pk": 43, "fields": {"data_movimentacao": "2022-11-11T19:29:43.204Z", "tempo_movimentacao": "00:00:08.398989", "instancia_voo": 6, "estado_anterior": 2, "estado_posterior": 1}}, {"model": "voos.movimentacao", "pk": 44, "fields": {"data_movimentacao": "2022-11-18T17:28:59.343Z", "tempo_movimentacao": "7 01:46:06.923042", "instancia_voo": 1, "estado_anterior": 1, "estado_posterior": 3}}, {"model": "voos.movimentacao", "pk": 45, "fields": {"data_movimentacao": "2022-11-18T17:29:50.493Z", "tempo_movimentacao": "00:00:51.150112", "instancia_voo": 1, "estado_anterior": 3, "estado_posterior": 5}}, {"model": "voos.movimentacao", "pk": 46, "fields": {"data_movimentacao": "2022-11-18T17:32:11.956Z", "tempo_movimentacao": "00:02:21.462977", "instancia_voo": 1, "estado_anterior": 5, "estado_posterior": 6}}, {"model": "voos.movimentacao", "pk": 54, "fields": {"data_movimentacao": "2022-11-25T18:25:55.221Z", "tempo_movimentacao": "7 00:53:43.265084", "instancia_voo": 1, "estado_anterior": 6, "estado_posterior": 7}}, {"model": "voos.movimentacao", "pk": 55, "fields": {"data_movimentacao": "2022-11-25T18:25:58.537Z", "tempo_movimentacao": "00:00:03.315935", "instancia_voo": 1, "estado_anterior": 7, "estado_posterior": 8}}, {"model": "voos.movimentacao", "pk": 56, "fields": {"data_movimentacao": "2022-11-25T18:26:02.086Z", "tempo_movimentacao": "00:00:03.549028", "instancia_voo": 1, "estado_anterior": 8, "estado_posterior": 2}}, {"model": "voos.movimentacao", "pk": 57, "fields": {"data_movimentacao": "2022-11-25T18:26:06.899Z", "tempo_movimentacao": "00:00:04.813595", "instancia_voo": 1, "estado_anterior": 2, "estado_posterior": 1}}, {"model": "voos.movimentacao", "pk": 59, "fields": {"data_movimentacao": "2022-11-25T18:49:33.361Z", "tempo_movimentacao": null, "instancia_voo": 8, "estado_anterior": 2, "estado_posterior": 1}}, {"model": "voos.movimentacao", "pk": 60, "fields": {"data_movimentacao": "2022-11-25T18:55:23.999Z", "tempo_movimentacao": null, "instancia_voo": 9, "estado_anterior": 9, "estado_posterior": 3}}, {"model": "voos.movimentacao", "pk": 61, "fields": {"data_movimentacao": "2022-11-25T18:55:26.533Z", "tempo_movimentacao": "00:00:02.534343", "instancia_voo": 9, "estado_anterior": 3, "estado_posterior": 5}}, {"model": "voos.movimentacao", "pk": 62, "fields": {"data_movimentacao": "2022-11-25T18:55:29.665Z", "tempo_movimentacao": "00:00:03.131611", "instancia_voo": 9, "estado_anterior": 5, "estado_posterior": 6}}, {"model": "voos.movimentacao", "pk": 63, "fields": {"data_movimentacao": "2022-11-25T18:55:32.061Z", "tempo_movimentacao": "00:00:02.396123", "instancia_voo": 9, "estado_anterior": 6, "estado_posterior": 7}}, {"model": "voos.movimentacao", "pk": 64, "fields": {"data_movimentacao": "2022-11-25T18:55:34.582Z", "tempo_movimentacao": "00:00:02.521058", "instancia_voo": 9, "estado_anterior": 7, "estado_posterior": 8}}, {"model": "voos.movimentacao", "pk": 65, "fields": {"data_movimentacao": "2022-11-25T18:55:36.950Z", "tempo_movimentacao": "00:00:02.367741", "instancia_voo": 9, "estado_anterior": 8, "estado_posterior": 2}}, {"model": "voos.movimentacao", "pk": 66, "fields": {"data_movimentacao": "2022-11-25T18:55:42.316Z", "tempo_movimentacao": "00:00:05.366180", "instancia_voo": 9, "estado_anterior": 2, "estado_posterior": 1}}, {"model": "axes.accesslog", "pk": 1, "fields": {"user_agent": "Mozilla/5.0 (Windows NT 10.0; Win64; x64) AppleWebKit/537.36 (KHTML, like Gecko) Chrome/107.0.0.0 Safari/537.36 Edg/107.0.1418.35", "ip_address": "127.0.0.1", "username": "admin", "http_accept": "text/html,application/xhtml+xml,application/xml;q=0.9,image/webp,image/apng,*/*;q=0.8,application/signed-exchange;v=b3;q=0.9", "path_info": "/accounts/login/", "attempt_time": "2022-11-11T17:55:23.412Z", "logout_time": null}}, {"model": "axes.accesslog", "pk": 2, "fields": {"user_agent": "Mozilla/5.0 (Windows NT 10.0; Win64; x64) AppleWebKit/537.36 (KHTML, like Gecko) Chrome/107.0.0.0 Safari/537.36 Edg/107.0.1418.35", "ip_address": "127.0.0.1", "username": "operador", "http_accept": "text/html,application/xhtml+xml,application/xml;q=0.9,image/webp,image/apng,*/*;q=0.8,application/signed-exchange;v=b3;q=0.9", "path_info": "/accounts/login/", "attempt_time": "2022-11-18T17:18:49.572Z", "logout_time": null}}, {"model": "axes.accesslog", "pk": 3, "fields": {"user_agent": "Mozilla/5.0 (Windows NT 10.0; Win64; x64) AppleWebKit/537.36 (KHTML, like Gecko) Chrome/107.0.0.0 Safari/537.36 Edg/107.0.1418.35", "ip_address": "127.0.0.1", "username": "torre", "http_accept": "text/html,application/xhtml+xml,application/xml;q=0.9,image/webp,image/apng,*/*;q=0.8,application/signed-exchange;v=b3;q=0.9", "path_info": "/accounts/login/", "attempt_time": "2022-11-18T17:19:26.100Z", "logout_time": null}}, {"model": "axes.accesslog", "pk": 4, "fields": {"user_agent": "Mozilla/5.0 (Windows NT 10.0; Win64; x64) AppleWebKit/537.36 (KHTML, like Gecko) Chrome/107.0.0.0 Safari/537.36 Edg/107.0.1418.35", "ip_address": "127.0.0.1", "username": "admin", "http_accept": "text/html,application/xhtml+xml,application/xml;q=0.9,image/webp,image/apng,*/*;q=0.8,application/signed-exchange;v=b3;q=0.9", "path_info": "/admin/login/", "attempt_time": "2022-11-18T17:20:08.690Z", "logout_time": null}}, {"model": "axes.accesslog", "pk": 5, "fields": {"user_agent": "Mozilla/5.0 (Windows NT 10.0; Win64; x64) AppleWebKit/537.36 (KHTML, like Gecko) Chrome/107.0.0.0 Safari/537.36 Edg/107.0.1418.35", "ip_address": "127.0.0.1", "username": "funcionario", "http_accept": "text/html,application/xhtml+xml,application/xml;q=0.9,image/webp,image/apng,*/*;q=0.8,application/signed-exchange;v=b3;q=0.9", "path_info": "/accounts/login/", "attempt_time": "2022-11-18T17:22:19.822Z", "logout_time": null}}, {"model": "axes.accesslog", "pk": 6, "fields": {"user_agent": "Mozilla/5.0 (Windows NT 10.0; Win64; x64) AppleWebKit/537.36 (KHTML, like Gecko) Chrome/107.0.0.0 Safari/537.36 Edg/107.0.1418.35", "ip_address": "127.0.0.1", "username": "operador", "http_accept": "text/html,application/xhtml+xml,application/xml;q=0.9,image/webp,image/apng,*/*;q=0.8,application/signed-exchange;v=b3;q=0.9", "path_info": "/accounts/login/", "attempt_time": "2022-11-18T17:23:47.874Z", "logout_time": null}}, {"model": "axes.accesslog", "pk": 7, "fields": {"user_agent": "Mozilla/5.0 (Windows NT 10.0; Win64; x64) AppleWebKit/537.36 (KHTML, like Gecko) Chrome/107.0.0.0 Safari/537.36 Edg/107.0.1418.35", "ip_address": "127.0.0.1", "username": "admin", "http_accept": "text/html,application/xhtml+xml,application/xml;q=0.9,image/webp,image/apng,*/*;q=0.8,application/signed-exchange;v=b3;q=0.9", "path_info": "/admin/login/", "attempt_time": "2022-11-18T17:24:03.820Z", "logout_time": null}}, {"model": "axes.accesslog", "pk": 8, "fields": {"user_agent": "Mozilla/5.0 (Windows NT 10.0; Win64; x64) AppleWebKit/537.36 (KHTML, like Gecko) Chrome/107.0.0.0 Safari/537.36 Edg/107.0.1418.35", "ip_address": "127.0.0.1", "username": "admin", "http_accept": "text/html,application/xhtml+xml,application/xml;q=0.9,image/webp,image/apng,*/*;q=0.8,application/signed-exchange;v=b3;q=0.9", "path_info": "/accounts/login/", "attempt_time": "2022-11-18T17:26:39.053Z", "logout_time": null}}, {"model": "axes.accesslog", "pk": 9, "fields": {"user_agent": "Mozilla/5.0 (Windows NT 10.0; Win64; x64) AppleWebKit/537.36 (KHTML, like Gecko) Chrome/107.0.0.0 Safari/537.36 Edg/107.0.1418.35", "ip_address": "127.0.0.1", "username": "funcionario", "http_accept": "text/html,application/xhtml+xml,application/xml;q=0.9,image/webp,image/apng,*/*;q=0.8,application/signed-exchange;v=b3;q=0.9", "path_info": "/accounts/login/", "attempt_time": "2022-11-18T17:26:52.562Z", "logout_time": null}}, {"model": "axes.accesslog", "pk": 10, "fields": {"user_agent": "Mozilla/5.0 (Windows NT 10.0; Win64; x64) AppleWebKit/537.36 (KHTML, like Gecko) Chrome/107.0.0.0 Safari/537.36 Edg/107.0.1418.35", "ip_address": "127.0.0.1", "username": "admin", "http_accept": "text/html,application/xhtml+xml,application/xml;q=0.9,image/webp,image/apng,*/*;q=0.8,application/signed-exchange;v=b3;q=0.9", "path_info": "/admin/login/", "attempt_time": "2022-11-18T17:29:15.589Z", "logout_time": null}}, {"model": "axes.accesslog", "pk": 11, "fields": {"user_agent": "Mozilla/5.0 (Windows NT 10.0; Win64; x64) AppleWebKit/537.36 (KHTML, like Gecko) Chrome/107.0.0.0 Safari/537.36 Edg/107.0.1418.35", "ip_address": "127.0.0.1", "username": "piloto", "http_accept": "text/html,application/xhtml+xml,application/xml;q=0.9,image/webp,image/apng,*/*;q=0.8,application/signed-exchange;v=b3;q=0.9", "path_info": "/accounts/login/", "attempt_time": "2022-11-18T17:29:41.005Z", "logout_time": null}}, {"model": "axes.accesslog", "pk": 12, "fields": {"user_agent": "Mozilla/5.0 (Windows NT 10.0; Win64; x64) AppleWebKit/537.36 (KHTML, like Gecko) Chrome/107.0.0.0 Safari/537.36 Edg/107.0.1418.35", "ip_address": "127.0.0.1", "username": "admin", "http_accept": "text/html,application/xhtml+xml,application/xml;q=0.9,image/webp,image/apng,*/*;q=0.8,application/signed-exchange;v=b3;q=0.9", "path_info": "/admin/login/", "attempt_time": "2022-11-18T17:30:15.358Z", "logout_time": null}}, {"model": "axes.accesslog", "pk": 13, "fields": {"user_agent": "Mozilla/5.0 (Windows NT 10.0; Win64; x64) AppleWebKit/537.36 (KHTML, like Gecko) Chrome/107.0.0.0 Safari/537.36 Edg/107.0.1418.35", "ip_address": "127.0.0.1", "username": "torre", "http_accept": "text/html,application/xhtml+xml,application/xml;q=0.9,image/webp,image/apng,*/*;q=0.8,application/signed-exchange;v=b3;q=0.9", "path_info": "/accounts/login/", "attempt_time": "2022-11-18T17:31:41.291Z", "logout_time": null}}, {"model": "axes.accesslog", "pk": 14, "fields": {"user_agent": "Mozilla/5.0 (Windows NT 10.0; Win64; x64) AppleWebKit/537.36 (KHTML, like Gecko) Chrome/107.0.0.0 Safari/537.36 Edg/107.0.1418.35", "ip_address": "127.0.0.1", "username": "admin", "http_accept": "text/html,application/xhtml+xml,application/xml;q=0.9,image/webp,image/apng,*/*;q=0.8,application/signed-exchange;v=b3;q=0.9", "path_info": "/admin/login/", "attempt_time": "2022-11-18T17:43:37.236Z", "logout_time": null}}, {"model": "axes.accesslog", "pk": 15, "fields": {"user_agent": "Mozilla/5.0 (Windows NT 10.0; Win64; x64) AppleWebKit/537.36 (KHTML, like Gecko) Chrome/107.0.0.0 Safari/537.36 Edg/107.0.1418.35", "ip_address": "127.0.0.1", "username": "gerente", "http_accept": "text/html,application/xhtml+xml,application/xml;q=0.9,image/webp,image/apng,*/*;q=0.8,application/signed-exchange;v=b3;q=0.9", "path_info": "/accounts/login/", "attempt_time": "2022-11-18T17:44:02.386Z", "logout_time": null}}, {"model": "axes.accesslog", "pk": 16, "fields": {"user_agent": "Mozilla/5.0 (Windows NT 10.0; Win64; x64) AppleWebKit/537.36 (KHTML, like Gecko) Chrome/107.0.0.0 Safari/537.36 Edg/107.0.1418.35", "ip_address": "127.0.0.1", "username": "torre", "http_accept": "text/html,application/xhtml+xml,application/xml;q=0.9,image/webp,image/apng,*/*;q=0.8,application/signed-exchange;v=b3;q=0.9", "path_info": "/accounts/login/", "attempt_time": "2022-11-18T18:36:34.595Z", "logout_time": null}}, {"model": "axes.accesslog", "pk": 17, "fields": {"user_agent": "Mozilla/5.0 (Windows NT 10.0; Win64; x64) AppleWebKit/537.36 (KHTML, like Gecko) Chrome/107.0.0.0 Safari/537.36 Edg/107.0.1418.35", "ip_address": "127.0.0.1", "username": "operador", "http_accept": "text/html,application/xhtml+xml,application/xml;q=0.9,image/webp,image/apng,*/*;q=0.8,application/signed-exchange;v=b3;q=0.9", "path_info": "/accounts/login/", "attempt_time": "2022-11-18T18:37:03.927Z", "logout_time": null}}, {"model": "axes.accesslog", "pk": 18, "fields": {"user_agent": "Mozilla/5.0 (Windows NT 10.0; Win64; x64) AppleWebKit/537.36 (KHTML, like Gecko) Chrome/107.0.0.0 Safari/537.36 Edg/107.0.1418.35", "ip_address": "127.0.0.1", "username": "funcionario", "http_accept": "text/html,application/xhtml+xml,application/xml;q=0.9,image/webp,image/apng,*/*;q=0.8,application/signed-exchange;v=b3;q=0.9", "path_info": "/accounts/login/", "attempt_time": "2022-11-18T18:37:35.840Z", "logout_time": null}}, {"model": "axes.accesslog", "pk": 19, "fields": {"user_agent": "Mozilla/5.0 (Windows NT 10.0; Win64; x64) AppleWebKit/537.36 (KHTML, like Gecko) Chrome/107.0.0.0 Safari/537.36 Edg/107.0.1418.35", "ip_address": "127.0.0.1", "username": "piloto", "http_accept": "text/html,application/xhtml+xml,application/xml;q=0.9,image/webp,image/apng,*/*;q=0.8,application/signed-exchange;v=b3;q=0.9", "path_info": "/accounts/login/", "attempt_time": "2022-11-18T18:37:53.159Z", "logout_time": null}}, {"model": "axes.accesslog", "pk": 20, "fields": {"user_agent": "Mozilla/5.0 (Windows NT 10.0; Win64; x64) AppleWebKit/537.36 (KHTML, like Gecko) Chrome/107.0.0.0 Safari/537.36 Edg/107.0.1418.35", "ip_address": "127.0.0.1", "username": "gerente", "http_accept": "text/html,application/xhtml+xml,application/xml;q=0.9,image/webp,image/apng,*/*;q=0.8,application/signed-exchange;v=b3;q=0.9", "path_info": "/accounts/login/", "attempt_time": "2022-11-18T18:38:02.930Z", "logout_time": null}}, {"model": "axes.accesslog", "pk": 21, "fields": {"user_agent": "Mozilla/5.0 (Windows NT 10.0; Win64; x64) AppleWebKit/537.36 (KHTML, like Gecko) Chrome/107.0.0.0 Safari/537.36 Edg/107.0.1418.56", "ip_address": "127.0.0.1", "username": "gerente", "http_accept": "text/html,application/xhtml+xml,application/xml;q=0.9,image/webp,image/apng,*/*;q=0.8,application/signed-exchange;v=b3;q=0.9", "path_info": "/accounts/login/", "attempt_time": "2022-11-25T17:50:35.132Z", "logout_time": null}}, {"model": "axes.accesslog", "pk": 22, "fields": {"user_agent": "Mozilla/5.0 (Windows NT 10.0; Win64; x64) AppleWebKit/537.36 (KHTML, like Gecko) Chrome/107.0.0.0 Safari/537.36 Edg/107.0.1418.56", "ip_address": "127.0.0.1", "username": "operador", "http_accept": "text/html,application/xhtml+xml,application/xml;q=0.9,image/webp,image/apng,*/*;q=0.8,application/signed-exchange;v=b3;q=0.9", "path_info": "/accounts/login/", "attempt_time": "2022-11-25T17:51:03.314Z", "logout_time": null}}, {"model": "axes.accesslog", "pk": 23, "fields": {"user_agent": "Mozilla/5.0 (Windows NT 10.0; Win64; x64) AppleWebKit/537.36 (KHTML, like Gecko) Chrome/107.0.0.0 Safari/537.36 Edg/107.0.1418.56", "ip_address": "127.0.0.1", "username": "piloto", "http_accept": "text/html,application/xhtml+xml,application/xml;q=0.9,image/webp,image/apng,*/*;q=0.8,application/signed-exchange;v=b3;q=0.9", "path_info": "/accounts/login/", "attempt_time": "2022-11-25T17:56:42.665Z", "logout_time": null}}, {"model": "axes.accesslog", "pk": 24, "fields": {"user_agent": "Mozilla/5.0 (Windows NT 10.0; Win64; x64) AppleWebKit/537.36 (KHTML, like Gecko) Chrome/107.0.0.0 Safari/537.36 Edg/107.0.1418.56", "ip_address": "127.0.0.1", "username": "admin", "http_accept": "text/html,application/xhtml+xml,application/xml;q=0.9,image/webp,image/apng,*/*;q=0.8,application/signed-exchange;v=b3;q=0.9", "path_info": "/accounts/login/", "attempt_time": "2022-11-25T18:00:38.529Z", "logout_time": null}}, {"model": "axes.accesslog", "pk": 25, "fields": {"user_agent": "Mozilla/5.0 (Windows NT 10.0; Win64; x64) AppleWebKit/537.36 (KHTML, like Gecko) Chrome/107.0.0.0 Safari/537.36 Edg/107.0.1418.56", "ip_address": "127.0.0.1", "username": "operador", "http_accept": "text/html,application/xhtml+xml,application/xml;q=0.9,image/webp,image/apng,*/*;q=0.8,application/signed-exchange;v=b3;q=0.9", "path_info": "/accounts/login/", "attempt_time": "2022-11-25T18:11:48.764Z", "logout_time": null}}, {"model": "axes.accesslog", "pk": 26, "fields": {"user_agent": "Mozilla/5.0 (Windows NT 10.0; Win64; x64) AppleWebKit/537.36 (KHTML, like Gecko) Chrome/107.0.0.0 Safari/537.36 Edg/107.0.1418.56", "ip_address": "127.0.0.1", "username": "operador", "http_accept": "text/html,application/xhtml+xml,application/xml;q=0.9,image/webp,image/apng,*/*;q=0.8,application/signed-exchange;v=b3;q=0.9", "path_info": "/accounts/login/", "attempt_time": "2022-11-25T18:15:13.631Z", "logout_time": null}}, {"model": "axes.accesslog", "pk": 27, "fields": {"user_agent": "Mozilla/5.0 (Windows NT 10.0; Win64; x64) AppleWebKit/537.36 (KHTML, like Gecko) Chrome/107.0.0.0 Safari/537.36 Edg/107.0.1418.56", "ip_address": "127.0.0.1", "username": "admin", "http_accept": "text/html,application/xhtml+xml,application/xml;q=0.9,image/webp,image/apng,*/*;q=0.8,application/signed-exchange;v=b3;q=0.9", "path_info": "/admin/login/", "attempt_time": "2022-11-25T18:17:36.326Z", "logout_time": null}}, {"model": "axes.accesslog", "pk": 28, "fields": {"user_agent": "Mozilla/5.0 (Windows NT 10.0; Win64; x64) AppleWebKit/537.36 (KHTML, like Gecko) Chrome/107.0.0.0 Safari/537.36 Edg/107.0.1418.56", "ip_address": "127.0.0.1", "username": "piloto", "http_accept": "text/html,application/xhtml+xml,application/xml;q=0.9,image/webp,image/apng,*/*;q=0.8,application/signed-exchange;v=b3;q=0.9", "path_info": "/accounts/login/", "attempt_time": "2022-11-25T18:25:04.487Z", "logout_time": null}}, {"model": "axes.accesslog", "pk": 29, "fields": {"user_agent": "Mozilla/5.0 (Windows NT 10.0; Win64; x64) AppleWebKit/537.36 (KHTML, like Gecko) Chrome/107.0.0.0 Safari/537.36 Edg/107.0.1418.56", "ip_address": "127.0.0.1", "username": "admin", "http_accept": "text/html,application/xhtml+xml,application/xml;q=0.9,image/webp,image/apng,*/*;q=0.8,application/signed-exchange;v=b3;q=0.9", "path_info": "/admin/login/", "attempt_time": "2022-11-25T18:40:06.072Z", "logout_time": null}}]
